https://en.wikipedia.org/wiki/Abilene_Christian_Wildcats,
https://en.wikipedia.org/wiki/Alabama_A%26M_Bulldogs_and_Lady_Bulldogs,
https://en.wikipedia.org/wiki/Alabama_State_Hornets_and_Lady_Hornets,
https://en.wikipedia.org/wiki/Alcorn_State_Braves_and_Lady_Braves,
https://en.wikipedia.org/wiki/American_Eagles,
https://en.wikipedia.org/wiki/Appalachian_State_Mountaineers,
https://en.wikipedia.org/wiki/Arizona_State_Sun_Devils,
https://en.wikipedia.org/wiki/Arkansas_State_Red_Wolves,
https://en.wikipedia.org/wiki/Auburn_Tigers,
https://en.wikipedia.org/wiki/Austin_Peay_Governors,
https://en.wikipedia.org/wiki/Ball_State_Cardinals,
https://en.wikipedia.org/wiki/Baylor_Bears,
https://en.wikipedia.org/wiki/Belmont_Bruins,
https://en.wikipedia.org/wiki/Bethune%E2%80%93Cookman_Wildcats,
https://en.wikipedia.org/wiki/Boise_State_Broncos,
https://en.wikipedia.org/wiki/Boston_College_Eagles,
https://en.wikipedia.org/wiki/Boston_University_Terriers,
https://en.wikipedia.org/wiki/Bowling_Green_Falcons_football,
https://en.wikipedia.org/wiki/Bradley_Braves,
https://en.wikipedia.org/wiki/BYU_Cougars,
https://en.wikipedia.org/wiki/Brown_Bears,
https://en.wikipedia.org/wiki/Bryant_Bulldogs,
https://en.wikipedia.org/wiki/Bucknell_Bison,
https://en.wikipedia.org/wiki/Butler_Bulldogs,
https://en.wikipedia.org/wiki/California_Baptist_Lancers,
https://en.wikipedia.org/wiki/Cal_Poly_Mustangs,
https://en.wikipedia.org/wiki/Cal_State_Bakersfield_Roadrunners,
https://en.wikipedia.org/wiki/Fresno_State_Bulldogs,
https://en.wikipedia.org/wiki/Cal_State_Fullerton_Titans,
https://en.wikipedia.org/wiki/Long_Beach_State_Beach,
https://en.wikipedia.org/wiki/Cal_State_Northridge_Matadors,
https://en.wikipedia.org/wiki/Sacramento_State_Hornets,
https://en.wikipedia.org/wiki/Campbell_Fighting_Camels_and_Lady_Camels,
https://en.wikipedia.org/wiki/Canisius_Golden_Griffins,
https://en.wikipedia.org/wiki/Central_Connecticut_Blue_Devils,
https://en.wikipedia.org/wiki/Central_Michigan_Chippewas,
https://en.wikipedia.org/wiki/Charleston_Southern_Buccaneers,
https://en.wikipedia.org/wiki/Chicago_State_Cougars,
https://en.wikipedia.org/wiki/Clemson_Tigers,
https://en.wikipedia.org/wiki/Cleveland_State_Vikings,
https://en.wikipedia.org/wiki/Coastal_Carolina_Chanticleers,
https://en.wikipedia.org/wiki/Colgate_Raiders,
https://en.wikipedia.org/wiki/College_of_Charleston_Cougars,
https://en.wikipedia.org/wiki/Holy_Cross_Crusaders,
https://en.wikipedia.org/wiki/Colorado_State_Rams,
https://en.wikipedia.org/wiki/Columbia_Lions,
https://en.wikipedia.org/wiki/Coppin_State_Eagles,
https://en.wikipedia.org/wiki/Cornell_Big_Red,
https://en.wikipedia.org/wiki/Creighton_Bluejays,
https://en.wikipedia.org/wiki/Dartmouth_Big_Green,
https://en.wikipedia.org/wiki/Davidson_Wildcats,
https://en.wikipedia.org/wiki/Delaware_State_Hornets,
https://en.wikipedia.org/wiki/DePaul_Blue_Demons,
https://en.wikipedia.org/wiki/Drake_Bulldogs,
https://en.wikipedia.org/wiki/Drexel_Dragons,
https://en.wikipedia.org/wiki/Duke_Blue_Devils,
https://en.wikipedia.org/wiki/Duquesne_Dukes,
https://en.wikipedia.org/wiki/East_Carolina_Pirates,
https://en.wikipedia.org/wiki/Eastern_Illinois_Panthers,
https://en.wikipedia.org/wiki/Eastern_Kentucky_Colonels,
https://en.wikipedia.org/wiki/Eastern_Michigan_Eagles_football,
https://en.wikipedia.org/wiki/Eastern_Washington_Eagles,
https://en.wikipedia.org/wiki/East_Tennessee_State_Buccaneers,
https://en.wikipedia.org/wiki/Elon_Phoenix,
https://en.wikipedia.org/wiki/Fairfield_Stags,
https://en.wikipedia.org/wiki/Fairleigh_Dickinson_Knights,
https://en.wikipedia.org/wiki/Florida_A%26M_Rattlers_and_Lady_Rattlers,
https://en.wikipedia.org/wiki/Florida_Atlantic_Owls,
https://en.wikipedia.org/wiki/Florida_Gulf_Coast_Eagles,
https://en.wikipedia.org/wiki/FIU_Panthers,
https://en.wikipedia.org/wiki/Florida_State_Seminoles,
https://en.wikipedia.org/wiki/Fordham_Rams,
https://en.wikipedia.org/wiki/Furman_Paladins,
https://en.wikipedia.org/wiki/Gardner%E2%80%93Webb_Runnin%27_Bulldogs,
https://en.wikipedia.org/wiki/George_Mason_Patriots,
https://en.wikipedia.org/wiki/Georgetown_Hoyas,
https://en.wikipedia.org/wiki/Georgia_Tech_Yellow_Jackets,
https://en.wikipedia.org/wiki/Georgia_Southern_Eagles,
https://en.wikipedia.org/wiki/Georgia_State_Panthers,
https://en.wikipedia.org/wiki/Gonzaga_Bulldogs,
https://en.wikipedia.org/wiki/Grambling_State_Tigers,
https://en.wikipedia.org/wiki/Grand_Canyon_Antelopes,
https://en.wikipedia.org/wiki/Hampton_Pirates_and_Lady_Pirates,
https://en.wikipedia.org/wiki/Harvard_Crimson,
https://en.wikipedia.org/wiki/High_Point_Panthers,
https://en.wikipedia.org/wiki/Hofstra_Pride,
https://en.wikipedia.org/wiki/Houston_Baptist_Huskies,
https://en.wikipedia.org/wiki/Howard_Bison,
https://en.wikipedia.org/wiki/Idaho_State_Bengals,
https://en.wikipedia.org/wiki/Illinois_State_Redbirds,
https://en.wikipedia.org/wiki/Indiana_State_Sycamores,
https://en.wikipedia.org/wiki/Indiana_Hoosiers,
https://en.wikipedia.org/wiki/IUPUI_Jaguars,
https://en.wikipedia.org/wiki/Iona_Gaels,
https://en.wikipedia.org/wiki/Iowa_State_Cyclones,
https://en.wikipedia.org/wiki/Jackson_State_Tigers_and_Lady_Tigers,
https://en.wikipedia.org/wiki/Jacksonville_State_Gamecocks,
https://en.wikipedia.org/wiki/Jacksonville_Dolphins,
https://en.wikipedia.org/wiki/James_Madison_Dukes,
https://en.wikipedia.org/wiki/Kansas_State_Wildcats,
https://en.wikipedia.org/wiki/Kennesaw_State_Owls,
https://en.wikipedia.org/wiki/Kent_State_Golden_Flashes,
https://en.wikipedia.org/wiki/Lafayette_Leopards,
https://en.wikipedia.org/wiki/Lamar_Cardinals_and_Lady_Cardinals,
https://en.wikipedia.org/wiki/La_Salle_Explorers,
https://en.wikipedia.org/wiki/Lehigh_Mountain_Hawks,
https://en.wikipedia.org/wiki/Stanford_Cardinal,
https://en.wikipedia.org/wiki/Liberty_Flames_and_Lady_Flames,
https://en.wikipedia.org/wiki/Lipscomb_Bisons,
https://en.wikipedia.org/wiki/LIU_Sharks,
https://en.wikipedia.org/wiki/Longwood_Lancers,
https://en.wikipedia.org/wiki/LSU_Tigers_and_Lady_Tigers,
https://en.wikipedia.org/wiki/Louisiana_Tech_Bulldogs_and_Lady_Techsters,
https://en.wikipedia.org/wiki/Loyola_Marymount_Lions,
https://en.wikipedia.org/wiki/Loyola_Ramblers,
https://en.wikipedia.org/wiki/Loyola_Greyhounds,
https://en.wikipedia.org/wiki/Manhattan_Jaspers_and_Lady_Jaspers,
https://en.wikipedia.org/wiki/Marist_Red_Foxes,
https://en.wikipedia.org/wiki/Marquette_Golden_Eagles,
https://en.wikipedia.org/wiki/Marshall_Thundering_Herd,
https://en.wikipedia.org/wiki/McNeese_State_Cowboys_and_Cowgirls,
https://en.wikipedia.org/wiki/Mercer_Bears,
https://en.wikipedia.org/wiki/Miami_RedHawks,
https://en.wikipedia.org/wiki/Michigan_State_Spartans,
https://en.wikipedia.org/wiki/Middle_Tennessee_Blue_Raiders,
https://en.wikipedia.org/wiki/Mississippi_State_Bulldogs,
https://en.wikipedia.org/wiki/Mississippi_Valley_State_Delta_Devils_and_Devilettes,
https://en.wikipedia.org/wiki/Missouri_State_Bears_and_Lady_Bears,
https://en.wikipedia.org/wiki/Monmouth_Hawks,
https://en.wikipedia.org/wiki/Montana_State_Bobcats,
https://en.wikipedia.org/wiki/Morehead_State_Eagles,
https://en.wikipedia.org/wiki/Morgan_State_Bears,
https://en.wikipedia.org/wiki/Mount_St._Mary%27s_Mountaineers,
https://en.wikipedia.org/wiki/Murray_State_Racers,
https://en.wikipedia.org/wiki/NJIT_Highlanders,
https://en.wikipedia.org/wiki/New_Mexico_State_Aggies,
https://en.wikipedia.org/wiki/Niagara_Purple_Eagles,
https://en.wikipedia.org/wiki/Nicholls_Colonels,
https://en.wikipedia.org/wiki/Norfolk_State_Spartans,
https://en.wikipedia.org/wiki/North_Carolina_A%26T_Aggies,
https://en.wikipedia.org/wiki/North_Carolina_Central_Eagles,
https://en.wikipedia.org/wiki/NC_State_Wolfpack,
https://en.wikipedia.org/wiki/North_Dakota_State_Bison,
https://en.wikipedia.org/wiki/Northeastern_Huskies,
https://en.wikipedia.org/wiki/Northern_Arizona_Lumberjacks,
https://en.wikipedia.org/wiki/Northern_Illinois_Huskies,
https://en.wikipedia.org/wiki/Northern_Kentucky_Norse,
https://en.wikipedia.org/wiki/Northwestern_State_Demons_and_Lady_Demons,
https://en.wikipedia.org/wiki/Northwestern_Wildcats,
https://en.wikipedia.org/wiki/Oakland_Golden_Grizzlies,
https://en.wikipedia.org/wiki/Oklahoma_State_Cowboys_and_Cowgirls,
https://en.wikipedia.org/wiki/Old_Dominion_Monarchs_and_Lady_Monarchs,
https://en.wikipedia.org/wiki/Oral_Roberts_Golden_Eagles,
https://en.wikipedia.org/wiki/Oregon_State_Beavers,
https://en.wikipedia.org/wiki/Pepperdine_Waves,
https://en.wikipedia.org/wiki/Portland_State_Vikings,
https://en.wikipedia.org/wiki/Prairie_View_A%26M_Panthers_and_Lady_Panthers,
https://en.wikipedia.org/wiki/Presbyterian_Blue_Hose,
https://en.wikipedia.org/wiki/Princeton_Tigers,
https://en.wikipedia.org/wiki/Providence_Friars,
https://en.wikipedia.org/wiki/Purdue_Boilermakers,
https://en.wikipedia.org/wiki/Purdue_Fort_Wayne_Mastodons,
https://en.wikipedia.org/wiki/Quinnipiac_Bobcats,
https://en.wikipedia.org/wiki/Radford_Highlanders,
https://en.wikipedia.org/wiki/Rider_Broncs,
https://en.wikipedia.org/wiki/Robert_Morris_Colonials,
https://en.wikipedia.org/wiki/Rutgers_Scarlet_Knights,
https://en.wikipedia.org/wiki/Sacred_Heart_Pioneers,
https://en.wikipedia.org/wiki/St._Bonaventure_Bonnies,
https://en.wikipedia.org/wiki/St._Francis_Brooklyn_Terriers,
https://en.wikipedia.org/wiki/Saint_Francis_Red_Flash,
https://en.wikipedia.org/wiki/St._John%27s_Red_Storm,
https://en.wikipedia.org/wiki/Saint_Joseph%27s_Hawks,
https://en.wikipedia.org/wiki/Saint_Louis_Billikens,
https://en.wikipedia.org/wiki/Saint_Mary%27s_Gaels,
https://en.wikipedia.org/wiki/Saint_Peter%27s_Peacocks,
https://en.wikipedia.org/wiki/Samford_Bulldogs,
https://en.wikipedia.org/wiki/Sam_Houston_State_Bearkats,
https://en.wikipedia.org/wiki/San_Diego_State_Aztecs,
https://en.wikipedia.org/wiki/San_Jose_State_Spartans,
https://en.wikipedia.org/wiki/Santa_Clara_Broncos,
https://en.wikipedia.org/wiki/Seattle_Redhawks,
https://en.wikipedia.org/wiki/Seton_Hall_Pirates,
https://en.wikipedia.org/wiki/Siena_Saints,
https://en.wikipedia.org/wiki/South_Carolina_State_Bulldogs_and_Lady_Bulldogs,
https://en.wikipedia.org/wiki/South_Dakota_State_Jackrabbits,
https://en.wikipedia.org/wiki/Southeastern_Louisiana_Lions_and_Lady_Lions,
https://en.wikipedia.org/wiki/Southeast_Missouri_State_Redhawks,
https://en.wikipedia.org/wiki/Southern_Jaguars_and_Lady_Jaguars,
https://en.wikipedia.org/wiki/Southern_Illinois_Salukis,
https://en.wikipedia.org/wiki/SIU_Edwardsville_Cougars,
https://en.wikipedia.org/wiki/SMU_Mustangs,
https://en.wikipedia.org/wiki/Southern_Utah_Thunderbirds,
https://en.wikipedia.org/wiki/Iowa_Hawkeyes,
https://en.wikipedia.org/wiki/Albany_Great_Danes,
https://en.wikipedia.org/wiki/Binghamton_Bearcats,
https://en.wikipedia.org/wiki/Buffalo_Bulls,
https://en.wikipedia.org/wiki/Stony_Brook_Seawolves,
https://en.wikipedia.org/wiki/Stephen_F._Austin_Lumberjacks_and_Ladyjacks,
https://en.wikipedia.org/wiki/Stetson_Hatters,
https://en.wikipedia.org/wiki/Syracuse_Orange,
https://en.wikipedia.org/wiki/Temple_Owls,
https://en.wikipedia.org/wiki/Tennessee_State_Tigers_and_Lady_Tigers,
https://en.wikipedia.org/wiki/Tennessee_Tech_Golden_Eagles,
https://en.wikipedia.org/wiki/Texas_A%26M_Aggies,
https://en.wikipedia.org/wiki/Texas_A%26M%E2%80%93Corpus_Christi_Islanders,
https://en.wikipedia.org/wiki/TCU_Horned_Frogs,
https://en.wikipedia.org/wiki/Texas_Southern_Tigers,
https://en.wikipedia.org/wiki/Texas_State_Bobcats,
https://en.wikipedia.org/wiki/Texas_Tech_Red_Raiders,
https://en.wikipedia.org/wiki/The_Citadel_Bulldogs,
https://en.wikipedia.org/wiki/William_%26_Mary_Tribe,
https://en.wikipedia.org/wiki/George_Washington_Colonials,
https://en.wikipedia.org/wiki/Ohio_State_Buckeyes,
https://en.wikipedia.org/wiki/Ohio_Bobcats,
https://en.wikipedia.org/wiki/Penn_State_Nittany_Lions,
https://en.wikipedia.org/wiki/Akron_Zips,
https://en.wikipedia.org/wiki/Alabama_Crimson_Tide,
https://en.wikipedia.org/wiki/New_Mexico_Lobos,
https://en.wikipedia.org/wiki/Chattanooga_Mocs,
https://en.wikipedia.org/wiki/UT_Martin_Skyhawks,
https://en.wikipedia.org/wiki/Tennessee_Volunteers,
https://en.wikipedia.org/wiki/UT_Arlington_Mavericks,
https://en.wikipedia.org/wiki/Texas_Longhorns,
https://en.wikipedia.org/wiki/UTEP_Miners,
https://en.wikipedia.org/wiki/UTSA_Roadrunners,
https://en.wikipedia.org/wiki/Texas%E2%80%93Rio_Grande_Valley_Vaqueros,
https://en.wikipedia.org/wiki/Tulsa_Golden_Hurricane,
https://en.wikipedia.org/wiki/Vermont_Catamounts,
https://en.wikipedia.org/wiki/Towson_Tigers,
https://en.wikipedia.org/wiki/Troy_Trojans,
https://en.wikipedia.org/wiki/Tulane_Green_Wave,
https://en.wikipedia.org/wiki/Air_Force_Falcons,
https://en.wikipedia.org/wiki/Army_Black_Knights,
https://en.wikipedia.org/wiki/Navy_Midshipmen,
https://en.wikipedia.org/wiki/UAB_Blazers,
https://en.wikipedia.org/wiki/Arizona_Wildcats,
https://en.wikipedia.org/wiki/Arkansas_Razorbacks,
https://en.wikipedia.org/wiki/Little_Rock_Trojans,
https://en.wikipedia.org/wiki/Arkansas%E2%80%93Pine_Bluff_Golden_Lions_and_Golden_Lady_Lions,
https://en.wikipedia.org/wiki/California_Golden_Bears,
https://en.wikipedia.org/wiki/UC_Davis_Aggies,
https://en.wikipedia.org/wiki/UC_Irvine_Anteaters,
https://en.wikipedia.org/wiki/UCLA_Bruins,
https://en.wikipedia.org/wiki/UC_Riverside_Highlanders,
https://en.wikipedia.org/wiki/UC_Santa_Barbara_Gauchos,
https://en.wikipedia.org/wiki/Central_Arkansas_Bears_and_Sugar_Bears,
https://en.wikipedia.org/wiki/UCF_Knights,
https://en.wikipedia.org/wiki/Cincinnati_Bearcats,
https://en.wikipedia.org/wiki/Colorado_Buffaloes,
https://en.wikipedia.org/wiki/UConn_Huskies,
https://en.wikipedia.org/wiki/Dayton_Flyers,
https://en.wikipedia.org/wiki/Delaware_Fightin%27_Blue_Hens,
https://en.wikipedia.org/wiki/Denver_Pioneers,
https://en.wikipedia.org/wiki/Detroit_Mercy_Titans,
https://en.wikipedia.org/wiki/Evansville_Purple_Aces,
https://en.wikipedia.org/wiki/Florida_Gators,
https://en.wikipedia.org/wiki/Georgia_Bulldogs,
https://en.wikipedia.org/wiki/Hartford_Hawks,
https://en.wikipedia.org/wiki/Hawaii_Rainbow_Warriors_and_Rainbow_Wahine,
https://en.wikipedia.org/wiki/Houston_Cougars,
https://en.wikipedia.org/wiki/Idaho_Vandals,
https://en.wikipedia.org/wiki/UIC_Flames,
https://en.wikipedia.org/wiki/Illinois_Fighting_Illini,
https://en.wikipedia.org/wiki/Kansas_Jayhawks,
https://en.wikipedia.org/wiki/Kentucky_Wildcats,
https://en.wikipedia.org/wiki/Louisiana_Ragin%27_Cajuns,
https://en.wikipedia.org/wiki/Louisiana%E2%80%93Monroe_Warhawks,
https://en.wikipedia.org/wiki/Louisville_Cardinals,
https://en.wikipedia.org/wiki/Maine_Black_Bears,
https://en.wikipedia.org/wiki/UMBC_Retrievers,
https://en.wikipedia.org/wiki/Maryland_Terrapins,
https://en.wikipedia.org/wiki/UMES_Hawks,
https://en.wikipedia.org/wiki/UMass_Minutemen_and_Minutewomen,
https://en.wikipedia.org/wiki/UMass_Lowell_River_Hawks,
https://en.wikipedia.org/wiki/Memphis_Tigers,
https://en.wikipedia.org/wiki/Miami_Hurricanes,
https://en.wikipedia.org/wiki/Michigan_Wolverines,
https://en.wikipedia.org/wiki/Minnesota_Golden_Gophers,
https://en.wikipedia.org/wiki/Ole_Miss_Rebels,
https://en.wikipedia.org/wiki/Missouri_Tigers,
https://en.wikipedia.org/wiki/Kansas_City_Roos,
https://en.wikipedia.org/wiki/Montana_Grizzlies_and_Lady_Griz,
https://en.wikipedia.org/wiki/Nebraska_Cornhuskers,
https://en.wikipedia.org/wiki/Omaha_Mavericks,
https://en.wikipedia.org/wiki/UNLV_Rebels,
https://en.wikipedia.org/wiki/Nevada_Wolf_Pack,
https://en.wikipedia.org/wiki/New_Hampshire_Wildcats,
https://en.wikipedia.org/wiki/New_Orleans_Privateers,
https://en.wikipedia.org/wiki/North_Alabama_Lions,
https://en.wikipedia.org/wiki/UNC_Asheville_Bulldogs,
https://en.wikipedia.org/wiki/North_Carolina_Tar_Heels,
https://en.wikipedia.org/wiki/Charlotte_49ers,
https://en.wikipedia.org/wiki/UNC_Greensboro_Spartans,
https://en.wikipedia.org/wiki/UNC_Wilmington_Seahawks,
https://en.wikipedia.org/wiki/North_Dakota_Fighting_Hawks,
https://en.wikipedia.org/wiki/Northern_Colorado_Bears,
https://en.wikipedia.org/wiki/Northern_Iowa_Panthers,
https://en.wikipedia.org/wiki/North_Florida_Ospreys,
https://en.wikipedia.org/wiki/North_Texas_Mean_Green,
https://en.wikipedia.org/wiki/Notre_Dame_Fighting_Irish,
https://en.wikipedia.org/wiki/Oklahoma_Sooners,
https://en.wikipedia.org/wiki/Oregon_Ducks,
https://en.wikipedia.org/wiki/Penn_Quakers,
https://en.wikipedia.org/wiki/Pittsburgh_Panthers,
https://en.wikipedia.org/wiki/Portland_Pilots,
https://en.wikipedia.org/wiki/Rhode_Island_Rams,
https://en.wikipedia.org/wiki/Richmond_Spiders,
https://en.wikipedia.org/wiki/San_Diego_Toreros,
https://en.wikipedia.org/wiki/San_Francisco_Dons,
https://en.wikipedia.org/wiki/South_Alabama_Jaguars,
https://en.wikipedia.org/wiki/South_Carolina_Gamecocks,
https://en.wikipedia.org/wiki/USC_Upstate_Spartans,
https://en.wikipedia.org/wiki/South_Dakota_Coyotes,
https://en.wikipedia.org/wiki/USC_Trojans,
https://en.wikipedia.org/wiki/Southern_Miss_Golden_Eagles,
https://en.wikipedia.org/wiki/South_Florida_Bulls,
https://en.wikipedia.org/wiki/University_of_the_Incarnate_Word_Cardinals,
https://en.wikipedia.org/wiki/Pacific_Tigers,
https://en.wikipedia.org/wiki/Toledo_Rockets,
https://en.wikipedia.org/wiki/Utah_Utes,
https://en.wikipedia.org/wiki/Virginia_Cavaliers,
https://en.wikipedia.org/wiki/Washington_Huskies,
https://en.wikipedia.org/wiki/Green_Bay_Phoenix,
https://en.wikipedia.org/wiki/Wisconsin_Badgers,
https://en.wikipedia.org/wiki/Milwaukee_Panthers,
https://en.wikipedia.org/wiki/Wyoming_Cowboys_and_Cowgirls,
https://en.wikipedia.org/wiki/Utah_State_Aggies,
https://en.wikipedia.org/wiki/Utah_Valley_Wolverines,
https://en.wikipedia.org/wiki/Valparaiso_Beacons,
https://en.wikipedia.org/wiki/Vanderbilt_Commodores,
https://en.wikipedia.org/wiki/Villanova_Wildcats,
https://en.wikipedia.org/wiki/VCU_Rams,
https://en.wikipedia.org/wiki/VMI_Keydets,
https://en.wikipedia.org/wiki/Virginia_Tech_Hokies,
https://en.wikipedia.org/wiki/Wagner_Seahawks,
https://en.wikipedia.org/wiki/Wake_Forest_Demon_Deacons,
https://en.wikipedia.org/wiki/Washington_State_Cougars,
https://en.wikipedia.org/wiki/Weber_State_Wildcats,
https://en.wikipedia.org/wiki/Western_Carolina_Catamounts,
https://en.wikipedia.org/wiki/Western_Illinois_Leathernecks,
https://en.wikipedia.org/wiki/Western_Kentucky_Hilltoppers_and_Lady_Toppers,
https://en.wikipedia.org/wiki/Western_Michigan_Broncos,
https://en.wikipedia.org/wiki/West_Virginia_Mountaineers,
https://en.wikipedia.org/wiki/Wichita_State_Shockers,
https://en.wikipedia.org/wiki/Rice_Owls,
https://en.wikipedia.org/wiki/Winthrop_Eagles,
https://en.wikipedia.org/wiki/Wofford_Terriers,
https://en.wikipedia.org/wiki/Wright_State_Raiders,
https://en.wikipedia.org/wiki/Xavier_Musketeers,
https://en.wikipedia.org/wiki/Yale_Bulldogs,
https://en.wikipedia.org/wiki/Youngstown_State_Penguins,
https://en.wikipedia.org/wiki/Academy_of_Art_Urban_Knights,
https://en.wikipedia.org/wiki/Adams_State_Grizzlies,
https://en.wikipedia.org/wiki/Adelphi_Panthers,
https://en.wikipedia.org/wiki/Alabama%E2%80%93Huntsville_Chargers,
https://en.wikipedia.org/wiki/Alaska_Anchorage_Seawolves,
https://en.wikipedia.org/wiki/Alaska_Nanooks,
https://en.wikipedia.org/wiki/Albany_State_Golden_Rams,
https://en.wikipedia.org/wiki/American_International_Yellow_Jackets,
https://en.wikipedia.org/wiki/Anderson_Trojans,
https://en.wikipedia.org/wiki/Angelo_State_Rams,
https://en.wikipedia.org/wiki/Arkansas_Tech_Wonder_Boys_and_Golden_Suns,
https://en.wikipedia.org/wiki/Arkansas%E2%80%93Fort_Smith_Lions,
https://en.wikipedia.org/wiki/Arkansas%E2%80%93Monticello_Boll_Weevils_and_Cotton_Blossoms,
https://en.wikipedia.org/wiki/Ashland_Eagles,
https://en.wikipedia.org/wiki/Assumption_Greyhounds,
https://en.wikipedia.org/wiki/Auburn_Montgomery_Warhawks,
https://en.wikipedia.org/wiki/Augusta_Jaguars,
https://en.wikipedia.org/wiki/Augustana_University_Vikings,
https://en.wikipedia.org/wiki/Azusa_Pacific_Cougars,
https://en.wikipedia.org/wiki/Barry_Buccaneers,
https://en.wikipedia.org/wiki/Barton_Bulldogs,
https://en.wikipedia.org/wiki/Bemidji_State_Beavers,
https://en.wikipedia.org/wiki/Bentley_Falcons,
https://en.wikipedia.org/wiki/Biola_Eagles,
https://en.wikipedia.org/wiki/Black_Hills_State_Yellow_Jackets,
https://en.wikipedia.org/wiki/Bloomsburg_Huskies,
https://en.wikipedia.org/wiki/Bowie_State_Bulldogs,
https://en.wikipedia.org/wiki/Bridgeport_Purple_Knights,
https://en.wikipedia.org/wiki/California_Vulcans,
https://en.wikipedia.org/wiki/Cal_Poly_Humboldt_Lumberjacks,
https://en.wikipedia.org/wiki/Cal_Poly_Pomona_Broncos,
https://en.wikipedia.org/wiki/Chico_State_Wildcats,
https://en.wikipedia.org/wiki/Cal_State_Dominguez_Hills_Toros,
https://en.wikipedia.org/wiki/Cal_State_East_Bay_Pioneers,
https://en.wikipedia.org/wiki/Cal_State_Los_Angeles_Golden_Eagles,
https://en.wikipedia.org/wiki/Cal_State_Monterey_Bay_Otters,
https://en.wikipedia.org/wiki/Cal_State_San_Bernardino_Coyotes,
https://en.wikipedia.org/wiki/Cal_State_San_Marcos_Cougars,
https://en.wikipedia.org/wiki/Cal_State_Stanislaus_Warriors,
https://en.wikipedia.org/wiki/Cameron_Aggies,
https://en.wikipedia.org/wiki/Carson%E2%80%93Newman_Eagles,
https://en.wikipedia.org/wiki/Cedarville_Yellow_Jackets,
https://en.wikipedia.org/wiki/Central_Missouri_Mules_and_Jennies,
https://en.wikipedia.org/wiki/Central_Oklahoma_Bronchos,
https://en.wikipedia.org/wiki/Central_State_Marauders_and_Lady_Marauders,
https://en.wikipedia.org/wiki/Central_Washington_Wildcats,
https://en.wikipedia.org/wiki/Chadron_State_Eagles,
https://en.wikipedia.org/wiki/Chaminade_Silverswords,
https://en.wikipedia.org/wiki/Charleston_Golden_Eagles,
https://en.wikipedia.org/wiki/Chowan_Hawks,
https://en.wikipedia.org/wiki/Christian_Brothers_Buccaneers_and_Lady_Buccaneers,
https://en.wikipedia.org/wiki/Clarion_Golden_Eagles,
https://en.wikipedia.org/wiki/Clark_Atlanta_Panthers,
https://en.wikipedia.org/wiki/Clayton_State_Lakers,
https://en.wikipedia.org/wiki/Colorado_Christian_Cougars,
https://en.wikipedia.org/wiki/Colorado_Mesa_Mavericks,
https://en.wikipedia.org/wiki/Colorado_Mines_Orediggers,
https://en.wikipedia.org/wiki/CSU%E2%80%93Pueblo_ThunderWolves,
https://en.wikipedia.org/wiki/UCCS_Mountain_Lions,
https://en.wikipedia.org/wiki/Columbus_State_Cougars,
https://en.wikipedia.org/wiki/Concordia_Eagles,
https://en.wikipedia.org/wiki/Concordia_Golden_Bears,
https://en.wikipedia.org/wiki/Daemen_Wildcats,
https://en.wikipedia.org/wiki/Dallas_Baptist_Patriots,
https://en.wikipedia.org/wiki/Davenport_Panthers,
https://en.wikipedia.org/wiki/Davis_%26_Elkins_Senators,
https://en.wikipedia.org/wiki/Delta_State_Statesmen_and_Lady_Statesmen,
https://en.wikipedia.org/wiki/District_of_Columbia_Firebirds,
https://en.wikipedia.org/wiki/Dominican_Penguins,
https://en.wikipedia.org/wiki/Drury_Panthers,
https://en.wikipedia.org/wiki/East_Central_Tigers,
https://en.wikipedia.org/wiki/East_Stroudsburg_Warriors,
https://en.wikipedia.org/wiki/Eastern_New_Mexico_Greyhounds,
https://en.wikipedia.org/wiki/Eckerd_Tritons,
https://en.wikipedia.org/wiki/Edinboro_Fighting_Scots,
https://en.wikipedia.org/wiki/Elizabeth_City_State_Vikings,
https://en.wikipedia.org/wiki/Embry%E2%80%93Riddle_Eagles,
https://en.wikipedia.org/wiki/Emporia_State_Hornets,
https://en.wikipedia.org/wiki/Fairmont_State_Fighting_Falcons,
https://en.wikipedia.org/wiki/Fayetteville_State_Broncos_and_Lady_Broncos,
https://en.wikipedia.org/wiki/Ferris_State_Bulldogs,
https://en.wikipedia.org/wiki/Findlay_Oilers,
https://en.wikipedia.org/wiki/Flagler_Saints,
https://en.wikipedia.org/wiki/Florida_Southern_Moccasins,
https://en.wikipedia.org/wiki/Florida_Tech_Panthers,
https://en.wikipedia.org/wiki/Fort_Hays_State_Tigers,
https://en.wikipedia.org/wiki/Fort_Lewis_Skyhawks,
https://en.wikipedia.org/wiki/Fort_Valley_State_Wildcats,
https://en.wikipedia.org/wiki/Francis_Marion_Patriots,
https://en.wikipedia.org/wiki/Franklin_Pierce_Ravens,
https://en.wikipedia.org/wiki/Fresno_Pacific_Sunbirds,
https://en.wikipedia.org/wiki/Georgia_College_Bobcats,
https://en.wikipedia.org/wiki/Georgia_Southwestern_State_Hurricanes,
https://en.wikipedia.org/wiki/Glenville_State_Pioneers,
https://en.wikipedia.org/wiki/Grand_Valley_State_Lakers,
https://en.wikipedia.org/wiki/Harding_Bisons,
https://en.wikipedia.org/wiki/Hawaii_Pacific_Sharks,
https://en.wikipedia.org/wiki/Hawaii%E2%80%93Hilo_Vulcans,
https://en.wikipedia.org/wiki/Henderson_State_Reddies,
https://en.wikipedia.org/wiki/Hillsdale_Chargers,
https://en.wikipedia.org/wiki/Holy_Names_Hawks,
https://en.wikipedia.org/wiki/UIS_Prairie_Stars,
https://en.wikipedia.org/wiki/IUP_Crimson_Hawks,
https://en.wikipedia.org/wiki/Indianapolis_Greyhounds,
https://en.wikipedia.org/wiki/Johnson_C._Smith_Golden_Bulls_and_Lady_Golden_Bulls,
https://en.wikipedia.org/wiki/Kentucky_State_Thorobreds_and_Thorobrettes,
https://en.wikipedia.org/wiki/Kentucky_Wesleyan_Panthers,
https://en.wikipedia.org/wiki/King_University_Tornados,
https://en.wikipedia.org/wiki/Kutztown_Golden_Bears,
https://en.wikipedia.org/wiki/Lake_Erie_Storm,
https://en.wikipedia.org/wiki/Lake_Superior_State_Lakers,
https://en.wikipedia.org/wiki/Lander_Bearcats,
https://en.wikipedia.org/wiki/Le_Moyne_Dolphins,
https://en.wikipedia.org/wiki/Lee_Flames,
https://en.wikipedia.org/wiki/Lenoir%E2%80%93Rhyne_Bears,
https://en.wikipedia.org/wiki/Lewis_Flyers,
https://en.wikipedia.org/wiki/Limestone_Saints,
https://en.wikipedia.org/wiki/Lincoln_Blue_Tigers,
https://en.wikipedia.org/wiki/Lincoln_(Pennsylvania)_Lions,
https://en.wikipedia.org/wiki/Lincoln_Memorial_Railsplitters,
https://en.wikipedia.org/wiki/Lindenwood_University,
https://en.wikipedia.org/wiki/Lock_Haven_Bald_Eagles,
https://en.wikipedia.org/wiki/Lubbock_Christian_Chaparrals_and_Lady_Chaps,
https://en.wikipedia.org/wiki/Lynn_Fighting_Knights,
https://en.wikipedia.org/wiki/Malone_Pioneers,
https://en.wikipedia.org/wiki/Mansfield_Mountaineers,
https://en.wikipedia.org/wiki/Mars_Hill_Lions,
https://en.wikipedia.org/wiki/Mary_Marauders,
https://en.wikipedia.org/wiki/Maryville_Saints,
https://en.wikipedia.org/wiki/McKendree_Bearcats,
https://en.wikipedia.org/wiki/Mercyhurst_Lakers,
https://en.wikipedia.org/wiki/Metro_State_Roadrunners,
https://en.wikipedia.org/wiki/Michigan_Tech_Huskies,
https://en.wikipedia.org/wiki/Midwestern_State_Mustangs,
https://en.wikipedia.org/wiki/Millersville_Marauders,
https://en.wikipedia.org/wiki/Minnesota_State_Mavericks,
https://en.wikipedia.org/wiki/Minnesota_State%E2%80%93Moorhead_Dragons,
https://en.wikipedia.org/wiki/Minnesota%E2%80%93Crookston_Golden_Eagles,
https://en.wikipedia.org/wiki/Minnesota%E2%80%93Duluth_Bulldogs,
https://en.wikipedia.org/wiki/Minot_State_Beavers,
https://en.wikipedia.org/wiki/Mississippi_College_Choctaws,
https://en.wikipedia.org/wiki/Missouri_S%26T_Miners,
https://en.wikipedia.org/wiki/Missouri_Southern_Lions,
https://en.wikipedia.org/wiki/Missouri_Western_Griffons,
https://en.wikipedia.org/wiki/UMSL_Tritons,
https://en.wikipedia.org/wiki/Montana_State_Billings_Yellowjackets,
https://en.wikipedia.org/wiki/Montevallo_Falcons,
https://en.wikipedia.org/wiki/Mount_Olive_Trojans,
https://en.wikipedia.org/wiki/Nebraska%E2%80%93Kearney_Lopers,
https://en.wikipedia.org/wiki/New_Haven_Chargers,
https://en.wikipedia.org/wiki/New_Mexico_Highlands_Cowboys_and_Cowgirls,
https://en.wikipedia.org/wiki/Newberry_Wolves,
https://en.wikipedia.org/wiki/Newman_Jets,
https://en.wikipedia.org/wiki/UNC_Pembroke_Braves,
https://en.wikipedia.org/wiki/North_Georgia_Nighthawks,
https://en.wikipedia.org/wiki/North_Greenville_Crusaders,
https://en.wikipedia.org/wiki/Northeastern_State_RiverHawks,
https://en.wikipedia.org/wiki/Northern_Michigan_Wildcats,
https://en.wikipedia.org/wiki/Northern_State_Wolves,
https://en.wikipedia.org/wiki/Northwest_Missouri_State_Bearcats,
https://en.wikipedia.org/wiki/Northwest_Nazarene_Crusaders,
https://en.wikipedia.org/wiki/Northwestern_Oklahoma_State_Rangers,
https://en.wikipedia.org/wiki/Northwood_Timberwolves,
https://en.wikipedia.org/wiki/Nova_Southeastern_Sharks,
https://en.wikipedia.org/wiki/Ohio_Dominican_Panthers,
https://en.wikipedia.org/wiki/Oklahoma_Baptist_Bison,
https://en.wikipedia.org/wiki/Oklahoma_Christian_Eagles_and_Lady_Eagles,
https://en.wikipedia.org/wiki/Ouachita_Baptist_Tigers,
https://en.wikipedia.org/wiki/Palm_Beach_Atlantic_Sailfish,
https://en.wikipedia.org/wiki/Wisconsin%E2%80%93Parkside_Rangers,
https://en.wikipedia.org/wiki/Pittsburg_State_Gorillas,
https://en.wikipedia.org/wiki/Point_Loma_Nazarene_Sea_Lions,
https://en.wikipedia.org/wiki/Post_Eagles,
https://en.wikipedia.org/wiki/Queens_University_of_Charlotte,
https://en.wikipedia.org/wiki/Quincy_Hawks,
https://en.wikipedia.org/wiki/Regis_Rangers,
https://en.wikipedia.org/wiki/Rogers_State_Hillcats,
https://en.wikipedia.org/wiki/Rollins_Tars,
https://en.wikipedia.org/wiki/Saginaw_Valley_State_Cardinals,
https://en.wikipedia.org/wiki/Saint_Anselm_Hawks,
https://en.wikipedia.org/wiki/St._Augustine%27s_Falcons,
https://en.wikipedia.org/wiki/St._Cloud_State_Huskies,
https://en.wikipedia.org/wiki/St._Edward%27s_Hilltoppers,
https://en.wikipedia.org/wiki/Saint_Leo_Lions,
https://en.wikipedia.org/wiki/Saint_Martin%27s_Saints,
https://en.wikipedia.org/wiki/St._Mary%27s_Rattlers,
https://en.wikipedia.org/wiki/Saint_Michael%27s_Purple_Knights,
https://en.wikipedia.org/wiki/Saint_Rose_Golden_Knights,
https://en.wikipedia.org/wiki/San_Francisco_State_Gators,
https://en.wikipedia.org/wiki/Savannah_State_Tigers,
https://en.wikipedia.org/wiki/University_of_the_Sciences,
https://en.wikipedia.org/wiki/Seattle_Pacific_Falcons,
https://en.wikipedia.org/wiki/Shepherd_Rams,
https://en.wikipedia.org/wiki/Shippensburg_Raiders,
https://en.wikipedia.org/wiki/Shorter_Hawks,
https://en.wikipedia.org/wiki/Simon_Fraser_University_athletics,
https://en.wikipedia.org/wiki/Sioux_Falls_Cougars,
https://en.wikipedia.org/wiki/Sonoma_State_Seawolves,
https://en.wikipedia.org/wiki/USC_Aiken_Pacers,
https://en.wikipedia.org/wiki/South_Dakota_School_of_Mines_Hardrockers,
https://en.wikipedia.org/wiki/Southeastern_Oklahoma_State_Savage_Storm,
https://en.wikipedia.org/wiki/Southern_Arkansas_Muleriders,
https://en.wikipedia.org/wiki/Southern_Connecticut_Fighting_Owls,
https://en.wikipedia.org/wiki/University_of_Southern_Indiana,
https://en.wikipedia.org/wiki/Southern_Nazarene_Crimson_Storm,
https://en.wikipedia.org/wiki/Southwest_Baptist_Bearcats,
https://en.wikipedia.org/wiki/Southwest_Minnesota_State_Mustangs,
https://en.wikipedia.org/wiki/Southwestern_Oklahoma_State_Bulldogs,
https://en.wikipedia.org/wiki/Stonehill_College,
https://en.wikipedia.org/wiki/Tampa_Spartans,
https://en.wikipedia.org/wiki/Texas_A%26M_University%E2%80%93Commerce,
https://en.wikipedia.org/wiki/Texas_A%26M%E2%80%93Kingsville_Javelinas,
https://en.wikipedia.org/wiki/Texas_A%26M_International_Dustdevils,
https://en.wikipedia.org/wiki/Texas_Woman%27s_Pioneers,
https://en.wikipedia.org/wiki/Texas%E2%80%93Permian_Basin_Falcons,
https://en.wikipedia.org/wiki/Tiffin_Dragons,
https://en.wikipedia.org/wiki/Trevecca_Nazarene_Trojans,
https://en.wikipedia.org/wiki/Truman_Bulldogs,
https://en.wikipedia.org/wiki/Tuskegee_Golden_Tigers,
https://en.wikipedia.org/wiki/Union_University_Bulldogs,
https://en.wikipedia.org/wiki/Upper_Iowa_Peacocks,
https://en.wikipedia.org/wiki/Valdosta_State_Blazers,
https://en.wikipedia.org/wiki/Virginia_State_Trojans,
https://en.wikipedia.org/wiki/Virginia_Union_Panthers,
https://en.wikipedia.org/wiki/Virginia%E2%80%93Wise_Cavaliers,
https://en.wikipedia.org/wiki/Walsh_Cavaliers,
https://en.wikipedia.org/wiki/Washburn_Ichabods,
https://en.wikipedia.org/wiki/Wayne_State_Warriors,
https://en.wikipedia.org/wiki/Wayne_State_Wildcats,
https://en.wikipedia.org/wiki/West_Alabama_Tigers,
https://en.wikipedia.org/wiki/West_Chester_Golden_Rams,
https://en.wikipedia.org/wiki/West_Florida_Argonauts,
https://en.wikipedia.org/wiki/West_Georgia_Wolves,
https://en.wikipedia.org/wiki/West_Liberty_Hilltoppers,
https://en.wikipedia.org/wiki/West_Texas_A%26M_Buffaloes,
https://en.wikipedia.org/wiki/West_Virginia_State_Yellow_Jackets,
https://en.wikipedia.org/wiki/Western_Colorado_Mountaineers,
https://en.wikipedia.org/wiki/Western_New_Mexico_Mustangs,
https://en.wikipedia.org/wiki/Western_Oregon_Wolves,
https://en.wikipedia.org/wiki/Western_Washington_Vikings,
https://en.wikipedia.org/wiki/Westminster_Griffins,
https://en.wikipedia.org/wiki/Wheeling_Cardinals,
https://en.wikipedia.org/wiki/William_Jewell_Cardinals,
https://en.wikipedia.org/wiki/Wilmington_Wildcats,
https://en.wikipedia.org/wiki/Wingate_Bulldogs,
https://en.wikipedia.org/wiki/Winona_State_Warriors,
https://en.wikipedia.org/wiki/Winston-Salem_State_Rams,
https://en.wikipedia.org/wiki/Young_Harris_Mountain_Lions,
https://en.wikipedia.org/wiki/Alfred_Saxons,
https://en.wikipedia.org/wiki/Anderson_Ravens,
https://en.wikipedia.org/wiki/Anna_Maria_Amcats,
https://en.wikipedia.org/wiki/Asbury_University,
https://en.wikipedia.org/wiki/Baldwin_Wallace_Yellow_Jackets,
https://en.wikipedia.org/wiki/Bates_Bobcats,
https://en.wikipedia.org/wiki/Bob_Jones_University,
https://en.wikipedia.org/wiki/Brandeis_Judges,
https://en.wikipedia.org/wiki/Bridgewater_State_Bears,
https://en.wikipedia.org/wiki/Buffalo_State_Bengals,
https://en.wikipedia.org/wiki/UC_Santa_Cruz_Banana_Slugs,
https://en.wikipedia.org/wiki/Calvin_Knights,
https://en.wikipedia.org/wiki/Carleton_Knights,
https://en.wikipedia.org/wiki/Castleton_Spartans,
https://en.wikipedia.org/wiki/Catholic_University_Cardinals,
https://en.wikipedia.org/wiki/Chicago_Maroons,
https://en.wikipedia.org/wiki/Claremont-Mudd-Scripps_Stags_and_Athenas,
https://en.wikipedia.org/wiki/Clarkson_Golden_Knights,
https://en.wikipedia.org/wiki/Colby_Mules,
https://en.wikipedia.org/wiki/DePauw_Tigers,
https://en.wikipedia.org/wiki/Eastern_Mennonite_Royals,
https://en.wikipedia.org/wiki/Framingham_State_Rams,
https://en.wikipedia.org/wiki/Hobart_Statesmen,
https://en.wikipedia.org/wiki/Johns_Hopkins_Blue_Jays,
https://en.wikipedia.org/wiki/MIT_Engineers,
https://en.wikipedia.org/wiki/Massachusetts_Maritime_Buccaneers,
https://en.wikipedia.org/wiki/Middlebury_Panthers,
https://en.wikipedia.org/wiki/Millikin_Big_Blue,
https://en.wikipedia.org/wiki/Mills_College,
https://en.wikipedia.org/wiki/Millsaps_Majors,
https://en.wikipedia.org/wiki/Mississippi_University_for_Women,
https://en.wikipedia.org/wiki/TCNJ_Lions,
https://en.wikipedia.org/wiki/Brockport_Golden_Eagles,
https://en.wikipedia.org/wiki/Cortland_Red_Dragons,
https://en.wikipedia.org/wiki/Fredonia_Blue_Devils,
https://en.wikipedia.org/wiki/Geneseo_Knights,
https://en.wikipedia.org/wiki/Maritime_(New_York)_Privateers,
https://en.wikipedia.org/wiki/NYU_Violets,
https://en.wikipedia.org/wiki/Occidental_Tigers,
https://en.wikipedia.org/wiki/Pfeiffer_Falcons,
https://en.wikipedia.org/wiki/Pratt_Institute,
https://en.wikipedia.org/wiki/Randolph%E2%80%93Macon_Yellow_Jackets,
https://en.wikipedia.org/wiki/RPI_Engineers,
https://en.wikipedia.org/wiki/RIT_Tigers,
https://en.wikipedia.org/wiki/Rose-Hulman_Fightin%27_Engineers,
https://en.wikipedia.org/wiki/St._Mary%27s_Seahawks,
https://en.wikipedia.org/wiki/University_of_St._Thomas_(Texas),
https://en.wikipedia.org/wiki/Salem_State_Vikings,
https://en.wikipedia.org/wiki/Salve_Regina_Seahawks,
https://en.wikipedia.org/wiki/Southern_Virginia_Knights,
https://en.wikipedia.org/wiki/Trinity_Bantams,
https://en.wikipedia.org/wiki/Tufts_Jumbos,
https://en.wikipedia.org/wiki/Union_Dutchmen_and_Dutchwomen,
https://en.wikipedia.org/wiki/Coast_Guard_Bears,
https://en.wikipedia.org/wiki/Merchant_Marine_Mariners,
https://en.wikipedia.org/wiki/Warren_Wilson_College,
https://en.wikipedia.org/wiki/Washington_%26_Jefferson_Presidents,
https://en.wikipedia.org/wiki/Washington_University_Bears,
https://en.wikipedia.org/w/index.php?title=Wheaton_(Massachusetts)_Lyons&action=edit&redlink=1,
https://en.wikipedia.org/wiki/Williams_Ephs,
https://en.wikipedia.org/wiki/Wisconsin%E2%80%93Whitewater_Warhawks,
https://en.wikipedia.org/wiki/WPI_Engineers,
